,data_mes,satelite,bioma,qtd
0,2013-01-01,AQUA_M-T,Amazônia,1181
1,2013-01-01,AQUA_M-T,Caatinga,340
2,2013-01-01,AQUA_M-T,Cerrado,475
3,2013-01-01,AQUA_M-T,Mata Atlântica,412
4,2013-01-01,AQUA_M-T,Pampa,28
5,2013-01-01,AQUA_M-T,Pantanal,108
6,2013-01-01,NPP-375,Amazônia,8385
7,2013-01-01,NPP-375,Caatinga,3803
8,2013-01-01,NPP-375,Cerrado,2796
9,2013-01-01,NPP-375,Mata Atlântica,5740
10,2013-01-01,NPP-375,Pampa,272
11,2013-01-01,NPP-375,Pantanal,952
12,2013-02-01,AQUA_M-T,Amazônia,374
13,2013-02-01,AQUA_M-T,Caatinga,207
14,2013-02-01,AQUA_M-T,Cerrado,604
15,2013-02-01,AQUA_M-T,Mata Atlântica,430
16,2013-02-01,AQUA_M-T,Pampa,46
17,2013-02-01,AQUA_M-T,Pantanal,55
18,2013-02-01,NPP-375,Amazônia,1470
19,2013-02-01,NPP-375,Caatinga,2330
20,2013-02-01,NPP-375,Cerrado,3197
21,2013-02-01,NPP-375,Mata Atlântica,4027
22,2013-02-01,NPP-375,Pampa,303
23,2013-02-01,NPP-375,Pantanal,611
24,2013-03-01,AQUA_M-T,Amazônia,738
25,2013-03-01,AQUA_M-T,Caatinga,219
26,2013-03-01,AQUA_M-T,Cerrado,613
27,2013-03-01,AQUA_M-T,Mata Atlântica,549
28,2013-03-01,AQUA_M-T,Pampa,50
29,2013-03-01,AQUA_M-T,Pantanal,115
30,2013-03-01,NPP-375,Amazônia,3798
31,2013-03-01,NPP-375,Caatinga,2094
32,2013-03-01,NPP-375,Cerrado,2091
33,2013-03-01,NPP-375,Mata Atlântica,4809
34,2013-03-01,NPP-375,Pampa,592
35,2013-03-01,NPP-375,Pantanal,821
36,2013-03-01,NPP-375,,1
37,2013-04-01,AQUA_M-T,Amazônia,518
38,2013-04-01,AQUA_M-T,Caatinga,71
39,2013-04-01,AQUA_M-T,Cerrado,706
40,2013-04-01,AQUA_M-T,Mata Atlântica,488
41,2013-04-01,AQUA_M-T,Pampa,57
42,2013-04-01,AQUA_M-T,Pantanal,51
43,2013-04-01,NPP-375,Amazônia,2439
44,2013-04-01,NPP-375,Caatinga,1099
45,2013-04-01,NPP-375,Cerrado,3358
46,2013-04-01,NPP-375,Mata Atlântica,3835
47,2013-04-01,NPP-375,Pampa,417
48,2013-04-01,NPP-375,Pantanal,378
49,2013-05-01,AQUA_M-T,Amazônia,796
50,2013-05-01,AQUA_M-T,Caatinga,73
51,2013-05-01,AQUA_M-T,Cerrado,1418
52,2013-05-01,AQUA_M-T,Mata Atlântica,478
53,2013-05-01,AQUA_M-T,Pampa,32
54,2013-05-01,AQUA_M-T,Pantanal,47
55,2013-05-01,NPP-375,Amazônia,5408
56,2013-05-01,NPP-375,Caatinga,789
57,2013-05-01,NPP-375,Cerrado,8802
58,2013-05-01,NPP-375,Mata Atlântica,3824
59,2013-05-01,NPP-375,Pampa,134
60,2013-05-01,NPP-375,Pantanal,353
61,2013-06-01,AQUA_M-T,Amazônia,1450
62,2013-06-01,AQUA_M-T,Caatinga,125
63,2013-06-01,AQUA_M-T,Cerrado,2684
64,2013-06-01,AQUA_M-T,Mata Atlântica,356
65,2013-06-01,AQUA_M-T,Pampa,33
66,2013-06-01,AQUA_M-T,Pantanal,17
67,2013-06-01,NPP-375,Amazônia,11420
68,2013-06-01,NPP-375,Caatinga,1007
69,2013-06-01,NPP-375,Cerrado,14620
70,2013-06-01,NPP-375,Mata Atlântica,2167
71,2013-06-01,NPP-375,Pampa,151
72,2013-06-01,NPP-375,Pantanal,149
73,2013-07-01,AQUA_M-T,Amazônia,2531
74,2013-07-01,AQUA_M-T,Caatinga,191
75,2013-07-01,AQUA_M-T,Cerrado,4761
76,2013-07-01,AQUA_M-T,Mata Atlântica,1087
77,2013-07-01,AQUA_M-T,Pampa,95
78,2013-07-01,AQUA_M-T,Pantanal,129
79,2013-07-01,NPP-375,Amazônia,16760
80,2013-07-01,NPP-375,Caatinga,2046
81,2013-07-01,NPP-375,Cerrado,29146
82,2013-07-01,NPP-375,Mata Atlântica,5897
83,2013-07-01,NPP-375,Pampa,405
84,2013-07-01,NPP-375,Pantanal,624
85,2013-08-01,AQUA_M-T,Amazônia,9444
86,2013-08-01,AQUA_M-T,Caatinga,561
87,2013-08-01,AQUA_M-T,Cerrado,8496
88,2013-08-01,AQUA_M-T,Mata Atlântica,2280
89,2013-08-01,AQUA_M-T,Pampa,189
90,2013-08-01,AQUA_M-T,Pantanal,440
91,2013-08-01,NPP-375,Amazônia,54852
92,2013-08-01,NPP-375,Caatinga,4996
93,2013-08-01,NPP-375,Cerrado,63142
94,2013-08-01,NPP-375,Mata Atlântica,13526
95,2013-08-01,NPP-375,Pampa,669
96,2013-08-01,NPP-375,Pantanal,2098
97,2013-09-01,AQUA_M-T,Amazônia,16786
98,2013-09-01,AQUA_M-T,Caatinga,2452
99,2013-09-01,AQUA_M-T,Cerrado,12615
100,2013-09-01,AQUA_M-T,Mata Atlântica,2839
101,2013-09-01,AQUA_M-T,Pampa,126
102,2013-09-01,AQUA_M-T,Pantanal,1201
103,2013-09-01,NPP-375,Amazônia,96679
104,2013-09-01,NPP-375,Caatinga,15038
105,2013-09-01,NPP-375,Cerrado,111516
106,2013-09-01,NPP-375,Mata Atlântica,15759
107,2013-09-01,NPP-375,Pampa,617
108,2013-09-01,NPP-375,Pantanal,8915
109,2013-10-01,AQUA_M-T,Amazônia,10242
110,2013-10-01,AQUA_M-T,Caatinga,2164
111,2013-10-01,AQUA_M-T,Cerrado,7696
112,2013-10-01,AQUA_M-T,Mata Atlântica,1454
113,2013-10-01,AQUA_M-T,Pampa,59
114,2013-10-01,AQUA_M-T,Pantanal,544
115,2013-10-01,NPP-375,Amazônia,58915
116,2013-10-01,NPP-375,Caatinga,15437
117,2013-10-01,NPP-375,Cerrado,72862
118,2013-10-01,NPP-375,Mata Atlântica,9532
119,2013-10-01,NPP-375,Pampa,358
120,2013-10-01,NPP-375,Pantanal,5072
121,2013-11-01,AQUA_M-T,Amazônia,6615
122,2013-11-01,AQUA_M-T,Caatinga,1889
123,2013-11-01,AQUA_M-T,Cerrado,2370
124,2013-11-01,AQUA_M-T,Mata Atlântica,509
125,2013-11-01,AQUA_M-T,Pampa,59
126,2013-11-01,AQUA_M-T,Pantanal,513
127,2013-11-01,NPP-375,Amazônia,31731
128,2013-11-01,NPP-375,Caatinga,10859
129,2013-11-01,NPP-375,Cerrado,15852
130,2013-11-01,NPP-375,Mata Atlântica,6416
131,2013-11-01,NPP-375,Pampa,263
132,2013-11-01,NPP-375,Pantanal,4910
133,2013-12-01,AQUA_M-T,Amazônia,8013
134,2013-12-01,AQUA_M-T,Caatinga,1567
135,2013-12-01,AQUA_M-T,Cerrado,1579
136,2013-12-01,AQUA_M-T,Mata Atlântica,506
137,2013-12-01,AQUA_M-T,Pampa,27
138,2013-12-01,AQUA_M-T,Pantanal,176
139,2013-12-01,NPP-375,Amazônia,41943
140,2013-12-01,NPP-375,Caatinga,8199
141,2013-12-01,NPP-375,Cerrado,8043
142,2013-12-01,NPP-375,Mata Atlântica,3868
143,2013-12-01,NPP-375,Pampa,443
144,2013-12-01,NPP-375,Pantanal,2280
145,2014-01-01,AQUA_M-T,Amazônia,1573
146,2014-01-01,AQUA_M-T,Caatinga,360
147,2014-01-01,AQUA_M-T,Cerrado,567
148,2014-01-01,AQUA_M-T,Mata Atlântica,423
149,2014-01-01,AQUA_M-T,Pampa,19
150,2014-01-01,AQUA_M-T,Pantanal,103
151,2014-01-01,NPP-375,Amazônia,10391
152,2014-01-01,NPP-375,Caatinga,3657
153,2014-01-01,NPP-375,Cerrado,4332
154,2014-01-01,NPP-375,Mata Atlântica,4238
155,2014-01-01,NPP-375,Pampa,207
156,2014-01-01,NPP-375,Pantanal,618
157,2014-02-01,AQUA_M-T,Amazônia,473
158,2014-02-01,AQUA_M-T,Caatinga,68
159,2014-02-01,AQUA_M-T,Cerrado,315
160,2014-02-01,AQUA_M-T,Mata Atlântica,437
161,2014-02-01,AQUA_M-T,Pampa,17
162,2014-02-01,AQUA_M-T,Pantanal,64
163,2014-02-01,NPP-375,Amazônia,2878
164,2014-02-01,NPP-375,Caatinga,1054
165,2014-02-01,NPP-375,Cerrado,2597
166,2014-02-01,NPP-375,Mata Atlântica,5149
167,2014-02-01,NPP-375,Pampa,157
168,2014-02-01,NPP-375,Pantanal,502
169,2014-03-01,AQUA_M-T,Amazônia,1010
170,2014-03-01,AQUA_M-T,Caatinga,104
171,2014-03-01,AQUA_M-T,Cerrado,497
172,2014-03-01,AQUA_M-T,Mata Atlântica,256
173,2014-03-01,AQUA_M-T,Pampa,39
174,2014-03-01,AQUA_M-T,Pantanal,23
175,2014-03-01,NPP-375,Amazônia,5912
176,2014-03-01,NPP-375,Caatinga,1139
177,2014-03-01,NPP-375,Cerrado,1896
178,2014-03-01,NPP-375,Mata Atlântica,2777
179,2014-03-01,NPP-375,Pampa,286
180,2014-03-01,NPP-375,Pantanal,103
181,2014-03-01,NPP-375,,3
182,2014-04-01,AQUA_M-T,Amazônia,632
183,2014-04-01,AQUA_M-T,Caatinga,73
184,2014-04-01,AQUA_M-T,Cerrado,897
185,2014-04-01,AQUA_M-T,Mata Atlântica,317
186,2014-04-01,AQUA_M-T,Pampa,50
187,2014-04-01,AQUA_M-T,Pantanal,55
188,2014-04-01,NPP-375,Amazônia,3359
189,2014-04-01,NPP-375,Caatinga,969
190,2014-04-01,NPP-375,Cerrado,3003
191,2014-04-01,NPP-375,Mata Atlântica,2602
192,2014-04-01,NPP-375,Pampa,265
193,2014-04-01,NPP-375,Pantanal,420
194,2014-04-01,NPP-375,,1
195,2014-05-01,AQUA_M-T,Amazônia,673
196,2014-05-01,AQUA_M-T,Caatinga,74
197,2014-05-01,AQUA_M-T,Cerrado,1673
198,2014-05-01,AQUA_M-T,Mata Atlântica,445
199,2014-05-01,AQUA_M-T,Pampa,50
200,2014-05-01,AQUA_M-T,Pantanal,16
201,2014-05-01,NPP-375,Amazônia,4159
202,2014-05-01,NPP-375,Caatinga,745
203,2014-05-01,NPP-375,Cerrado,9229
204,2014-05-01,NPP-375,Mata Atlântica,2942
205,2014-05-01,NPP-375,Pampa,212
206,2014-05-01,NPP-375,Pantanal,76
207,2014-06-01,AQUA_M-T,Amazônia,1628
208,2014-06-01,AQUA_M-T,Caatinga,168
209,2014-06-01,AQUA_M-T,Cerrado,3849
210,2014-06-01,AQUA_M-T,Mata Atlântica,487
211,2014-06-01,AQUA_M-T,Pampa,53
212,2014-06-01,AQUA_M-T,Pantanal,27
213,2014-06-01,NPP-375,Amazônia,12473
214,2014-06-01,NPP-375,Caatinga,1575
215,2014-06-01,NPP-375,Cerrado,21735
216,2014-06-01,NPP-375,Mata Atlântica,3198
217,2014-06-01,NPP-375,Pampa,140
218,2014-06-01,NPP-375,Pantanal,151
219,2014-07-01,AQUA_M-T,Amazônia,2766
220,2014-07-01,AQUA_M-T,Caatinga,414
221,2014-07-01,AQUA_M-T,Cerrado,6220
222,2014-07-01,AQUA_M-T,Mata Atlântica,965
223,2014-07-01,AQUA_M-T,Pampa,74
224,2014-07-01,AQUA_M-T,Pantanal,90
225,2014-07-01,NPP-375,Amazônia,19925
226,2014-07-01,NPP-375,Caatinga,3416
227,2014-07-01,NPP-375,Cerrado,39451
228,2014-07-01,NPP-375,Mata Atlântica,5537
229,2014-07-01,NPP-375,Pampa,333
230,2014-07-01,NPP-375,Pantanal,465
231,2014-08-01,AQUA_M-T,Amazônia,20113
232,2014-08-01,AQUA_M-T,Caatinga,907
233,2014-08-01,AQUA_M-T,Cerrado,15525
234,2014-08-01,AQUA_M-T,Mata Atlântica,3912
235,2014-08-01,AQUA_M-T,Pampa,254
236,2014-08-01,AQUA_M-T,Pantanal,134
237,2014-08-01,NPP-375,Amazônia,125639
238,2014-08-01,NPP-375,Caatinga,7871
239,2014-08-01,NPP-375,Cerrado,110784
240,2014-08-01,NPP-375,Mata Atlântica,19800
241,2014-08-01,NPP-375,Pampa,1189
242,2014-08-01,NPP-375,Pantanal,776
243,2014-09-01,AQUA_M-T,Amazônia,20522
244,2014-09-01,AQUA_M-T,Caatinga,2079
245,2014-09-01,AQUA_M-T,Cerrado,15523
246,2014-09-01,AQUA_M-T,Mata Atlântica,3493
247,2014-09-01,AQUA_M-T,Pampa,57
248,2014-09-01,AQUA_M-T,Pantanal,375
249,2014-09-01,NPP-375,Amazônia,127433
250,2014-09-01,NPP-375,Caatinga,14148
251,2014-09-01,NPP-375,Cerrado,140197
252,2014-09-01,NPP-375,Mata Atlântica,20366
253,2014-09-01,NPP-375,Pampa,273
254,2014-09-01,NPP-375,Pantanal,1855
255,2014-10-01,AQUA_M-T,Amazônia,13222
256,2014-10-01,AQUA_M-T,Caatinga,2324
257,2014-10-01,AQUA_M-T,Cerrado,16357
258,2014-10-01,AQUA_M-T,Mata Atlântica,4171
259,2014-10-01,AQUA_M-T,Pampa,39
260,2014-10-01,AQUA_M-T,Pantanal,459
261,2014-10-01,NPP-375,Amazônia,86488
262,2014-10-01,NPP-375,Caatinga,15232
263,2014-10-01,NPP-375,Cerrado,145271
264,2014-10-01,NPP-375,Mata Atlântica,29907
265,2014-10-01,NPP-375,Pampa,347
266,2014-10-01,NPP-375,Pantanal,3537
267,2014-11-01,AQUA_M-T,Amazônia,12169
268,2014-11-01,AQUA_M-T,Caatinga,1762
269,2014-11-01,AQUA_M-T,Cerrado,3085
270,2014-11-01,AQUA_M-T,Mata Atlântica,432
271,2014-11-01,AQUA_M-T,Pampa,35
272,2014-11-01,AQUA_M-T,Pantanal,184
273,2014-11-01,NPP-375,Amazônia,66106
274,2014-11-01,NPP-375,Caatinga,11442
275,2014-11-01,NPP-375,Cerrado,21417
276,2014-11-01,NPP-375,Mata Atlântica,5483
277,2014-11-01,NPP-375,Pampa,317
278,2014-11-01,NPP-375,Pantanal,1274
279,2014-12-01,AQUA_M-T,Amazônia,7773
280,2014-12-01,AQUA_M-T,Caatinga,1163
281,2014-12-01,AQUA_M-T,Cerrado,1363
282,2014-12-01,AQUA_M-T,Mata Atlântica,366
283,2014-12-01,AQUA_M-T,Pampa,21
284,2014-12-01,AQUA_M-T,Pantanal,37
285,2014-12-01,NPP-375,Amazônia,42769
286,2014-12-01,NPP-375,Caatinga,7287
287,2014-12-01,NPP-375,Cerrado,7776
288,2014-12-01,NPP-375,Mata Atlântica,3056
289,2014-12-01,NPP-375,Pampa,200
290,2014-12-01,NPP-375,Pantanal,248
291,2015-01-01,AQUA_M-T,Amazônia,2042
292,2015-01-01,AQUA_M-T,Caatinga,428
293,2015-01-01,AQUA_M-T,Cerrado,1096
294,2015-01-01,AQUA_M-T,Mata Atlântica,642
295,2015-01-01,AQUA_M-T,Pampa,14
296,2015-01-01,AQUA_M-T,Pantanal,95
297,2015-01-01,NPP-375,Amazônia,13098
298,2015-01-01,NPP-375,Caatinga,4549
299,2015-01-01,NPP-375,Cerrado,7467
300,2015-01-01,NPP-375,Mata Atlântica,7186
301,2015-01-01,NPP-375,Pampa,105
302,2015-01-01,NPP-375,Pantanal,823
303,2015-02-01,AQUA_M-T,Amazônia,1047
304,2015-02-01,AQUA_M-T,Caatinga,138
305,2015-02-01,AQUA_M-T,Cerrado,383
306,2015-02-01,AQUA_M-T,Mata Atlântica,389
307,2015-02-01,AQUA_M-T,Pampa,18
308,2015-02-01,AQUA_M-T,Pantanal,51
309,2015-02-01,NPP-375,Amazônia,7346
310,2015-02-01,NPP-375,Caatinga,1947
311,2015-02-01,NPP-375,Cerrado,2044
312,2015-02-01,NPP-375,Mata Atlântica,3932
313,2015-02-01,NPP-375,Pampa,177
314,2015-02-01,NPP-375,Pantanal,421
315,2015-03-01,AQUA_M-T,Amazônia,572
316,2015-03-01,AQUA_M-T,Caatinga,99
317,2015-03-01,AQUA_M-T,Cerrado,528
318,2015-03-01,AQUA_M-T,Mata Atlântica,384
319,2015-03-01,AQUA_M-T,Pampa,48
320,2015-03-01,AQUA_M-T,Pantanal,28
321,2015-03-01,NPP-375,Amazônia,3275
322,2015-03-01,NPP-375,Caatinga,1392
323,2015-03-01,NPP-375,Cerrado,1368
324,2015-03-01,NPP-375,Mata Atlântica,3091
325,2015-03-01,NPP-375,Pampa,474
326,2015-03-01,NPP-375,Pantanal,211
327,2015-04-01,AQUA_M-T,Amazônia,762
328,2015-04-01,AQUA_M-T,Caatinga,86
329,2015-04-01,AQUA_M-T,Cerrado,634
330,2015-04-01,AQUA_M-T,Mata Atlântica,371
331,2015-04-01,AQUA_M-T,Pampa,142
332,2015-04-01,AQUA_M-T,Pantanal,29
333,2015-04-01,NPP-375,Amazônia,4730
334,2015-04-01,NPP-375,Caatinga,1286
335,2015-04-01,NPP-375,Cerrado,1776
336,2015-04-01,NPP-375,Mata Atlântica,3845
337,2015-04-01,NPP-375,Pampa,726
338,2015-04-01,NPP-375,Pantanal,198
339,2015-05-01,AQUA_M-T,Amazônia,407
340,2015-05-01,AQUA_M-T,Caatinga,81
341,2015-05-01,AQUA_M-T,Cerrado,1174
342,2015-05-01,AQUA_M-T,Mata Atlântica,349
343,2015-05-01,AQUA_M-T,Pampa,122
344,2015-05-01,AQUA_M-T,Pantanal,36
345,2015-05-01,NPP-375,Amazônia,2402
346,2015-05-01,NPP-375,Caatinga,1054
347,2015-05-01,NPP-375,Cerrado,6106
348,2015-05-01,NPP-375,Mata Atlântica,2103
349,2015-05-01,NPP-375,Pampa,453
350,2015-05-01,NPP-375,Pantanal,286
351,2015-06-01,AQUA_M-T,Amazônia,1287
352,2015-06-01,AQUA_M-T,Caatinga,155
353,2015-06-01,AQUA_M-T,Cerrado,3313
354,2015-06-01,AQUA_M-T,Mata Atlântica,539
355,2015-06-01,AQUA_M-T,Pampa,57
356,2015-06-01,AQUA_M-T,Pantanal,218
357,2015-06-01,NPP-375,Amazônia,10036
358,2015-06-01,NPP-375,Caatinga,1771
359,2015-06-01,NPP-375,Cerrado,19319
360,2015-06-01,NPP-375,Mata Atlântica,3142
361,2015-06-01,NPP-375,Pampa,263
362,2015-06-01,NPP-375,Pantanal,1015
363,2015-07-01,AQUA_M-T,Amazônia,2817
364,2015-07-01,AQUA_M-T,Caatinga,285
365,2015-07-01,AQUA_M-T,Cerrado,4662
366,2015-07-01,AQUA_M-T,Mata Atlântica,528
367,2015-07-01,AQUA_M-T,Pampa,24
368,2015-07-01,AQUA_M-T,Pantanal,225
369,2015-07-01,NPP-375,Amazônia,18804
370,2015-07-01,NPP-375,Caatinga,2868
371,2015-07-01,NPP-375,Cerrado,32802
372,2015-07-01,NPP-375,Mata Atlântica,3258
373,2015-07-01,NPP-375,Pampa,212
374,2015-07-01,NPP-375,Pantanal,1024
375,2015-08-01,AQUA_M-T,Amazônia,20471
376,2015-08-01,AQUA_M-T,Caatinga,1203
377,2015-08-01,AQUA_M-T,Cerrado,12684
378,2015-08-01,AQUA_M-T,Mata Atlântica,2414
379,2015-08-01,AQUA_M-T,Pampa,86
380,2015-08-01,AQUA_M-T,Pantanal,1025
381,2015-08-01,NPP-375,Amazônia,127670
382,2015-08-01,NPP-375,Caatinga,9575
383,2015-08-01,NPP-375,Cerrado,94900
384,2015-08-01,NPP-375,Mata Atlântica,13938
385,2015-08-01,NPP-375,Pampa,758
386,2015-08-01,NPP-375,Pantanal,6376
387,2015-08-01,NPP-375,,1
388,2015-09-01,AQUA_M-T,Amazônia,29326
389,2015-09-01,AQUA_M-T,Caatinga,4079
390,2015-09-01,AQUA_M-T,Cerrado,23795
391,2015-09-01,AQUA_M-T,Mata Atlântica,3219
392,2015-09-01,AQUA_M-T,Pampa,139
393,2015-09-01,AQUA_M-T,Pantanal,1181
394,2015-09-01,NPP-375,Amazônia,208204
395,2015-09-01,NPP-375,Caatinga,26897
396,2015-09-01,NPP-375,Cerrado,198217
397,2015-09-01,NPP-375,Mata Atlântica,18483
398,2015-09-01,NPP-375,Pampa,742
399,2015-09-01,NPP-375,Pantanal,8162
400,2015-10-01,AQUA_M-T,Amazônia,19469
401,2015-10-01,AQUA_M-T,Caatinga,3909
402,2015-10-01,AQUA_M-T,Cerrado,19531
403,2015-10-01,AQUA_M-T,Mata Atlântica,2991
404,2015-10-01,AQUA_M-T,Pampa,47
405,2015-10-01,AQUA_M-T,Pantanal,794
406,2015-10-01,NPP-375,Amazônia,170344
407,2015-10-01,NPP-375,Caatinga,28055
408,2015-10-01,NPP-375,Cerrado,194753
409,2015-10-01,NPP-375,Mata Atlântica,21248
410,2015-10-01,NPP-375,Pampa,216
411,2015-10-01,NPP-375,Pantanal,5288
412,2015-11-01,AQUA_M-T,Amazônia,16935
413,2015-11-01,AQUA_M-T,Caatinga,2599
414,2015-11-01,AQUA_M-T,Cerrado,4731
415,2015-11-01,AQUA_M-T,Mata Atlântica,1852
416,2015-11-01,AQUA_M-T,Pampa,12
417,2015-11-01,AQUA_M-T,Pantanal,282
418,2015-11-01,NPP-375,Amazônia,141781
419,2015-11-01,NPP-375,Caatinga,17281
420,2015-11-01,NPP-375,Cerrado,40825
421,2015-11-01,NPP-375,Mata Atlântica,15228
422,2015-11-01,NPP-375,Pampa,154
423,2015-11-01,NPP-375,Pantanal,2152
424,2015-12-01,AQUA_M-T,Amazônia,11303
425,2015-12-01,AQUA_M-T,Caatinga,2071
426,2015-12-01,AQUA_M-T,Cerrado,2563
427,2015-12-01,AQUA_M-T,Mata Atlântica,1251
428,2015-12-01,AQUA_M-T,Pampa,21
429,2015-12-01,AQUA_M-T,Pantanal,494
430,2015-12-01,NPP-375,Amazônia,120393
431,2015-12-01,NPP-375,Caatinga,12510
432,2015-12-01,NPP-375,Cerrado,20790
433,2015-12-01,NPP-375,Mata Atlântica,12203
434,2015-12-01,NPP-375,Pampa,132
435,2015-12-01,NPP-375,Pantanal,4131
436,2016-01-01,AQUA_M-T,Amazônia,4657
437,2016-01-01,AQUA_M-T,Caatinga,258
438,2016-01-01,AQUA_M-T,Cerrado,392
439,2016-01-01,AQUA_M-T,Mata Atlântica,579
440,2016-01-01,AQUA_M-T,Pampa,37
441,2016-01-01,AQUA_M-T,Pantanal,37
442,2016-01-01,NPP-375,Amazônia,41559
443,2016-01-01,NPP-375,Caatinga,1820
444,2016-01-01,NPP-375,Cerrado,1640
445,2016-01-01,NPP-375,Mata Atlântica,4780
446,2016-01-01,NPP-375,Pampa,319
447,2016-01-01,NPP-375,Pantanal,334
448,2016-02-01,AQUA_M-T,Amazônia,1559
449,2016-02-01,AQUA_M-T,Caatinga,112
450,2016-02-01,AQUA_M-T,Cerrado,1048
451,2016-02-01,AQUA_M-T,Mata Atlântica,457
452,2016-02-01,AQUA_M-T,Pampa,33
453,2016-02-01,AQUA_M-T,Pantanal,29
454,2016-02-01,NPP-375,Amazônia,11968
455,2016-02-01,NPP-375,Caatinga,1388
456,2016-02-01,NPP-375,Cerrado,5802
457,2016-02-01,NPP-375,Mata Atlântica,3803
458,2016-02-01,NPP-375,Pampa,254
459,2016-02-01,NPP-375,Pantanal,195
460,2016-03-01,AQUA_M-T,Amazônia,2024
461,2016-03-01,AQUA_M-T,Caatinga,56
462,2016-03-01,AQUA_M-T,Cerrado,767
463,2016-03-01,AQUA_M-T,Mata Atlântica,536
464,2016-03-01,AQUA_M-T,Pampa,24
465,2016-03-01,AQUA_M-T,Pantanal,18
466,2016-03-01,NPP-375,Amazônia,18464
467,2016-03-01,NPP-375,Caatinga,1233
468,2016-03-01,NPP-375,Cerrado,1882
469,2016-03-01,NPP-375,Mata Atlântica,4721
470,2016-03-01,NPP-375,Pampa,190
471,2016-03-01,NPP-375,Pantanal,117
472,2016-04-01,AQUA_M-T,Amazônia,1075
473,2016-04-01,AQUA_M-T,Caatinga,95
474,2016-04-01,AQUA_M-T,Cerrado,1449
475,2016-04-01,AQUA_M-T,Mata Atlântica,732
476,2016-04-01,AQUA_M-T,Pampa,23
477,2016-04-01,AQUA_M-T,Pantanal,34
478,2016-04-01,NPP-375,Amazônia,3807
479,2016-04-01,NPP-375,Caatinga,1114
480,2016-04-01,NPP-375,Cerrado,6756
481,2016-04-01,NPP-375,Mata Atlântica,5945
482,2016-04-01,NPP-375,Pampa,95
483,2016-04-01,NPP-375,Pantanal,194
484,2016-05-01,AQUA_M-T,Amazônia,895
485,2016-05-01,AQUA_M-T,Caatinga,80
486,2016-05-01,AQUA_M-T,Cerrado,1782
487,2016-05-01,AQUA_M-T,Mata Atlântica,437
488,2016-05-01,AQUA_M-T,Pampa,34
489,2016-05-01,AQUA_M-T,Pantanal,59
490,2016-05-01,NPP-375,Amazônia,5167
491,2016-05-01,NPP-375,Caatinga,1134
492,2016-05-01,NPP-375,Cerrado,10430
493,2016-05-01,NPP-375,Mata Atlântica,3031
494,2016-05-01,NPP-375,Pampa,118
495,2016-05-01,NPP-375,Pantanal,230
496,2016-06-01,AQUA_M-T,Amazônia,1663
497,2016-06-01,AQUA_M-T,Caatinga,158
498,2016-06-01,AQUA_M-T,Cerrado,3187
499,2016-06-01,AQUA_M-T,Mata Atlântica,901
500,2016-06-01,AQUA_M-T,Pampa,183
501,2016-06-01,AQUA_M-T,Pantanal,93
502,2016-06-01,NPP-375,Amazônia,11606
503,2016-06-01,NPP-375,Caatinga,1541
504,2016-06-01,NPP-375,Cerrado,18813
505,2016-06-01,NPP-375,Mata Atlântica,4870
506,2016-06-01,NPP-375,Pampa,636
507,2016-06-01,NPP-375,Pantanal,498
508,2016-07-01,AQUA_M-T,Amazônia,6120
509,2016-07-01,AQUA_M-T,Caatinga,551
510,2016-07-01,AQUA_M-T,Cerrado,8675
511,2016-07-01,AQUA_M-T,Mata Atlântica,3155
512,2016-07-01,AQUA_M-T,Pampa,199
513,2016-07-01,AQUA_M-T,Pantanal,542
514,2016-07-01,NPP-375,Amazônia,37708
515,2016-07-01,NPP-375,Caatinga,4841
516,2016-07-01,NPP-375,Cerrado,56443
517,2016-07-01,NPP-375,Mata Atlântica,14861
518,2016-07-01,NPP-375,Pampa,837
519,2016-07-01,NPP-375,Pantanal,3009
520,2016-08-01,AQUA_M-T,Amazônia,18340
521,2016-08-01,AQUA_M-T,Caatinga,1504
522,2016-08-01,AQUA_M-T,Cerrado,13730
523,2016-08-01,AQUA_M-T,Mata Atlântica,4165
524,2016-08-01,AQUA_M-T,Pampa,383
525,2016-08-01,AQUA_M-T,Pantanal,966
526,2016-08-01,NPP-375,Amazônia,127889
527,2016-08-01,NPP-375,Caatinga,12082
528,2016-08-01,NPP-375,Cerrado,109118
529,2016-08-01,NPP-375,Mata Atlântica,19898
530,2016-08-01,NPP-375,Pampa,1896
531,2016-08-01,NPP-375,Pantanal,5503
532,2016-08-01,NPP-375,,3
533,2016-09-01,AQUA_M-T,Amazônia,20460
534,2016-09-01,AQUA_M-T,Caatinga,2095
535,2016-09-01,AQUA_M-T,Cerrado,13256
536,2016-09-01,AQUA_M-T,Mata Atlântica,4146
537,2016-09-01,AQUA_M-T,Pampa,252
538,2016-09-01,AQUA_M-T,Pantanal,2000
539,2016-09-01,NPP-375,Amazônia,131268
540,2016-09-01,NPP-375,Caatinga,14592
541,2016-09-01,NPP-375,Cerrado,127888
542,2016-09-01,NPP-375,Mata Atlântica,21785
543,2016-09-01,NPP-375,Pampa,1192
544,2016-09-01,NPP-375,Pantanal,14545
545,2016-10-01,AQUA_M-T,Amazônia,14234
546,2016-10-01,AQUA_M-T,Caatinga,4274
547,2016-10-01,AQUA_M-T,Cerrado,9968
548,2016-10-01,AQUA_M-T,Mata Atlântica,1210
549,2016-10-01,AQUA_M-T,Pampa,57
550,2016-10-01,AQUA_M-T,Pantanal,1066
551,2016-10-01,NPP-375,Amazônia,90900
552,2016-10-01,NPP-375,Caatinga,29742
553,2016-10-01,NPP-375,Cerrado,87936
554,2016-10-01,NPP-375,Mata Atlântica,11248
555,2016-10-01,NPP-375,Pampa,551
556,2016-10-01,NPP-375,Pantanal,9235
557,2016-10-01,NPP-375,,2
558,2016-11-01,AQUA_M-T,Amazônia,11610
559,2016-11-01,AQUA_M-T,Caatinga,2882
560,2016-11-01,AQUA_M-T,Cerrado,3647
561,2016-11-01,AQUA_M-T,Mata Atlântica,763
562,2016-11-01,AQUA_M-T,Pampa,43
563,2016-11-01,AQUA_M-T,Pantanal,215
564,2016-11-01,NPP-375,Amazônia,65519
565,2016-11-01,NPP-375,Caatinga,18452
566,2016-11-01,NPP-375,Cerrado,29233
567,2016-11-01,NPP-375,Mata Atlântica,6959
568,2016-11-01,NPP-375,Pampa,425
569,2016-11-01,NPP-375,Pantanal,1745
570,2016-12-01,AQUA_M-T,Amazônia,5124
571,2016-12-01,AQUA_M-T,Caatinga,1528
572,2016-12-01,AQUA_M-T,Cerrado,932
573,2016-12-01,AQUA_M-T,Mata Atlântica,439
574,2016-12-01,AQUA_M-T,Pampa,59
575,2016-12-01,AQUA_M-T,Pantanal,125
576,2016-12-01,NPP-375,Amazônia,29631
577,2016-12-01,NPP-375,Caatinga,8404
578,2016-12-01,NPP-375,Cerrado,6281
579,2016-12-01,NPP-375,Mata Atlântica,4827
580,2016-12-01,NPP-375,Pampa,616
581,2016-12-01,NPP-375,Pantanal,838
582,2017-01-01,AQUA_M-T,Amazônia,796
583,2017-01-01,AQUA_M-T,Caatinga,305
584,2017-01-01,AQUA_M-T,Cerrado,491
585,2017-01-01,AQUA_M-T,Mata Atlântica,385
586,2017-01-01,AQUA_M-T,Pampa,15
587,2017-01-01,AQUA_M-T,Pantanal,261
588,2017-01-01,NPP-375,Amazônia,4129
589,2017-01-01,NPP-375,Caatinga,3387
590,2017-01-01,NPP-375,Cerrado,3055
591,2017-01-01,NPP-375,Mata Atlântica,4629
592,2017-01-01,NPP-375,Pampa,121
593,2017-01-01,NPP-375,Pantanal,2553
594,2017-02-01,AQUA_M-T,Amazônia,379
595,2017-02-01,AQUA_M-T,Caatinga,81
596,2017-02-01,AQUA_M-T,Cerrado,376
597,2017-02-01,AQUA_M-T,Mata Atlântica,309
598,2017-02-01,AQUA_M-T,Pampa,21
599,2017-02-01,AQUA_M-T,Pantanal,73
600,2017-02-01,NPP-375,Amazônia,2086
601,2017-02-01,NPP-375,Caatinga,984
602,2017-02-01,NPP-375,Cerrado,1409
603,2017-02-01,NPP-375,Mata Atlântica,3356
604,2017-02-01,NPP-375,Pampa,203
605,2017-02-01,NPP-375,Pantanal,426
606,2017-03-01,AQUA_M-T,Amazônia,736
607,2017-03-01,AQUA_M-T,Caatinga,70
608,2017-03-01,AQUA_M-T,Cerrado,687
609,2017-03-01,AQUA_M-T,Mata Atlântica,330
610,2017-03-01,AQUA_M-T,Pampa,31
611,2017-03-01,AQUA_M-T,Pantanal,68
612,2017-03-01,NPP-375,Amazônia,2245
613,2017-03-01,NPP-375,Caatinga,918
614,2017-03-01,NPP-375,Cerrado,1649
615,2017-03-01,NPP-375,Mata Atlântica,2764
616,2017-03-01,NPP-375,Pampa,295
617,2017-03-01,NPP-375,Pantanal,417
618,2017-04-01,AQUA_M-T,Amazônia,618
619,2017-04-01,AQUA_M-T,Caatinga,49
620,2017-04-01,AQUA_M-T,Cerrado,696
621,2017-04-01,AQUA_M-T,Mata Atlântica,261
622,2017-04-01,AQUA_M-T,Pampa,41
623,2017-04-01,AQUA_M-T,Pantanal,38
624,2017-04-01,NPP-375,Amazônia,1684
625,2017-04-01,NPP-375,Caatinga,580
626,2017-04-01,NPP-375,Cerrado,2794
627,2017-04-01,NPP-375,Mata Atlântica,1941
628,2017-04-01,NPP-375,Pampa,279
629,2017-04-01,NPP-375,Pantanal,259
630,2017-04-01,NPP-375,,1
631,2017-05-01,AQUA_M-T,Amazônia,805
632,2017-05-01,AQUA_M-T,Caatinga,64
633,2017-05-01,AQUA_M-T,Cerrado,1428
634,2017-05-01,AQUA_M-T,Mata Atlântica,187
635,2017-05-01,AQUA_M-T,Pampa,39
636,2017-05-01,AQUA_M-T,Pantanal,48
637,2017-05-01,NPP-375,Amazônia,4777
638,2017-05-01,NPP-375,Caatinga,700
639,2017-05-01,NPP-375,Cerrado,8130
640,2017-05-01,NPP-375,Mata Atlântica,1461
641,2017-05-01,NPP-375,Pampa,187
642,2017-05-01,NPP-375,Pantanal,207
643,2017-06-01,AQUA_M-T,Amazônia,1759
644,2017-06-01,AQUA_M-T,Caatinga,78
645,2017-06-01,AQUA_M-T,Cerrado,2858
646,2017-06-01,AQUA_M-T,Mata Atlântica,531
647,2017-06-01,AQUA_M-T,Pampa,65
648,2017-06-01,AQUA_M-T,Pantanal,93
649,2017-06-01,NPP-375,Amazônia,11856
650,2017-06-01,NPP-375,Caatinga,888
651,2017-06-01,NPP-375,Cerrado,16527
652,2017-06-01,NPP-375,Mata Atlântica,2958
653,2017-06-01,NPP-375,Pampa,258
654,2017-06-01,NPP-375,Pantanal,543
655,2017-07-01,AQUA_M-T,Amazônia,7986
656,2017-07-01,AQUA_M-T,Caatinga,167
657,2017-07-01,AQUA_M-T,Cerrado,6258
658,2017-07-01,AQUA_M-T,Mata Atlântica,2285
659,2017-07-01,AQUA_M-T,Pampa,262
660,2017-07-01,AQUA_M-T,Pantanal,610
661,2017-07-01,NPP-375,Amazônia,44619
662,2017-07-01,NPP-375,Caatinga,1735
663,2017-07-01,NPP-375,Cerrado,35033
664,2017-07-01,NPP-375,Mata Atlântica,10468
665,2017-07-01,NPP-375,Pampa,1237
666,2017-07-01,NPP-375,Pantanal,3026
667,2017-08-01,AQUA_M-T,Amazônia,21244
668,2017-08-01,AQUA_M-T,Caatinga,795
669,2017-08-01,AQUA_M-T,Cerrado,10815
670,2017-08-01,AQUA_M-T,Mata Atlântica,3201
671,2017-08-01,AQUA_M-T,Pampa,233
672,2017-08-01,AQUA_M-T,Pantanal,1092
673,2017-08-01,NPP-375,Amazônia,143872
674,2017-08-01,NPP-375,Caatinga,6180
675,2017-08-01,NPP-375,Cerrado,82218
676,2017-08-01,NPP-375,Mata Atlântica,14830
677,2017-08-01,NPP-375,Pampa,1084
678,2017-08-01,NPP-375,Pantanal,6803
679,2017-09-01,AQUA_M-T,Amazônia,36569
680,2017-09-01,AQUA_M-T,Caatinga,1759
681,2017-09-01,AQUA_M-T,Cerrado,26975
682,2017-09-01,AQUA_M-T,Mata Atlântica,4939
683,2017-09-01,AQUA_M-T,Pampa,65
684,2017-09-01,AQUA_M-T,Pantanal,2588
685,2017-09-01,NPP-375,Amazônia,266394
686,2017-09-01,NPP-375,Caatinga,12407
687,2017-09-01,NPP-375,Cerrado,242393
688,2017-09-01,NPP-375,Mata Atlântica,29852
689,2017-09-01,NPP-375,Pampa,417
690,2017-09-01,NPP-375,Pantanal,19063
691,2017-10-01,AQUA_M-T,Amazônia,14457
692,2017-10-01,AQUA_M-T,Caatinga,4030
693,2017-10-01,AQUA_M-T,Cerrado,12393
694,2017-10-01,AQUA_M-T,Mata Atlântica,2003
695,2017-10-01,AQUA_M-T,Pampa,55
696,2017-10-01,AQUA_M-T,Pantanal,669
697,2017-10-01,NPP-375,Amazônia,118837
698,2017-10-01,NPP-375,Caatinga,26089
699,2017-10-01,NPP-375,Cerrado,137223
700,2017-10-01,NPP-375,Mata Atlântica,14970
701,2017-10-01,NPP-375,Pampa,205
702,2017-10-01,NPP-375,Pantanal,4701
703,2017-11-01,AQUA_M-T,Amazônia,14105
704,2017-11-01,AQUA_M-T,Caatinga,1792
705,2017-11-01,AQUA_M-T,Cerrado,2345
706,2017-11-01,AQUA_M-T,Mata Atlântica,818
707,2017-11-01,AQUA_M-T,Pampa,60
708,2017-11-01,AQUA_M-T,Pantanal,214
709,2017-11-01,NPP-375,Amazônia,87992
710,2017-11-01,NPP-375,Caatinga,10550
711,2017-11-01,NPP-375,Cerrado,18527
712,2017-11-01,NPP-375,Mata Atlântica,5507
713,2017-11-01,NPP-375,Pampa,712
714,2017-11-01,NPP-375,Pantanal,1741
715,2017-12-01,AQUA_M-T,Amazônia,7985
716,2017-12-01,AQUA_M-T,Caatinga,1814
717,2017-12-01,AQUA_M-T,Cerrado,1440
718,2017-12-01,AQUA_M-T,Mata Atlântica,348
719,2017-12-01,AQUA_M-T,Pampa,49
720,2017-12-01,AQUA_M-T,Pantanal,19
721,2017-12-01,NPP-375,Amazônia,58727
722,2017-12-01,NPP-375,Caatinga,9528
723,2017-12-01,NPP-375,Cerrado,8713
724,2017-12-01,NPP-375,Mata Atlântica,3379
725,2017-12-01,NPP-375,Pampa,841
726,2017-12-01,NPP-375,Pantanal,253
727,2018-01-01,AQUA_M-T,Amazônia,1444
728,2018-01-01,AQUA_M-T,Caatinga,316
729,2018-01-01,AQUA_M-T,Cerrado,521
730,2018-01-01,AQUA_M-T,Mata Atlântica,209
731,2018-01-01,AQUA_M-T,Pampa,40
732,2018-01-01,AQUA_M-T,Pantanal,23
733,2018-01-01,NPP-375,Amazônia,9439
734,2018-01-01,NPP-375,Caatinga,3289
735,2018-01-01,NPP-375,Cerrado,2759
736,2018-01-01,NPP-375,Mata Atlântica,2296
737,2018-01-01,NPP-375,Pampa,520
738,2018-01-01,NPP-375,Pantanal,120
739,2018-02-01,AQUA_M-T,Amazônia,888
740,2018-02-01,AQUA_M-T,Caatinga,30
741,2018-02-01,AQUA_M-T,Cerrado,235
742,2018-02-01,AQUA_M-T,Mata Atlântica,264
743,2018-02-01,AQUA_M-T,Pampa,51
744,2018-02-01,AQUA_M-T,Pantanal,8
745,2018-02-01,NPP-375,Amazônia,7311
746,2018-02-01,NPP-375,Caatinga,773
747,2018-02-01,NPP-375,Cerrado,973
748,2018-02-01,NPP-375,Mata Atlântica,2248
749,2018-02-01,NPP-375,Pampa,549
750,2018-02-01,NPP-375,Pantanal,65
751,2018-03-01,AQUA_M-T,Amazônia,1359
752,2018-03-01,AQUA_M-T,Caatinga,58
753,2018-03-01,AQUA_M-T,Cerrado,842
754,2018-03-01,AQUA_M-T,Mata Atlântica,323
755,2018-03-01,AQUA_M-T,Pampa,63
756,2018-03-01,AQUA_M-T,Pantanal,14
757,2018-03-01,NPP-375,Amazônia,10406
758,2018-03-01,NPP-375,Caatinga,865
759,2018-03-01,NPP-375,Cerrado,1325
760,2018-03-01,NPP-375,Mata Atlântica,1951
761,2018-03-01,NPP-375,Pampa,482
762,2018-03-01,NPP-375,Pantanal,81
763,2018-03-01,NPP-375,,2
764,2018-04-01,AQUA_M-T,Amazônia,513
765,2018-04-01,AQUA_M-T,Caatinga,28
766,2018-04-01,AQUA_M-T,Cerrado,549
767,2018-04-01,AQUA_M-T,Mata Atlântica,490
768,2018-04-01,AQUA_M-T,Pampa,57
769,2018-04-01,AQUA_M-T,Pantanal,19
770,2018-04-01,NPP-375,Amazônia,3528
771,2018-04-01,NPP-375,Caatinga,417
772,2018-04-01,NPP-375,Cerrado,2448
773,2018-04-01,NPP-375,Mata Atlântica,3360
774,2018-04-01,NPP-375,Pampa,330
775,2018-04-01,NPP-375,Pantanal,124
776,2018-05-01,AQUA_M-T,Amazônia,772
777,2018-05-01,AQUA_M-T,Caatinga,68
778,2018-05-01,AQUA_M-T,Cerrado,1729
779,2018-05-01,AQUA_M-T,Mata Atlântica,699
780,2018-05-01,AQUA_M-T,Pampa,70
781,2018-05-01,AQUA_M-T,Pantanal,28
782,2018-05-01,NPP-375,Amazônia,4923
783,2018-05-01,NPP-375,Caatinga,761
784,2018-05-01,NPP-375,Cerrado,10070
785,2018-05-01,NPP-375,Mata Atlântica,4077
786,2018-05-01,NPP-375,Pampa,293
787,2018-05-01,NPP-375,Pantanal,224
788,2018-06-01,AQUA_M-T,Amazônia,1980
789,2018-06-01,AQUA_M-T,Caatinga,196
790,2018-06-01,AQUA_M-T,Cerrado,2922
791,2018-06-01,AQUA_M-T,Mata Atlântica,613
792,2018-06-01,AQUA_M-T,Pampa,33
793,2018-06-01,AQUA_M-T,Pantanal,46
794,2018-06-01,NPP-375,Amazônia,12542
795,2018-06-01,NPP-375,Caatinga,1604
796,2018-06-01,NPP-375,Cerrado,17967
797,2018-06-01,NPP-375,Mata Atlântica,2858
798,2018-06-01,NPP-375,Pampa,159
799,2018-06-01,NPP-375,Pantanal,254
800,2018-07-01,AQUA_M-T,Amazônia,4788
801,2018-07-01,AQUA_M-T,Caatinga,594
802,2018-07-01,AQUA_M-T,Cerrado,5220
803,2018-07-01,AQUA_M-T,Mata Atlântica,1813
804,2018-07-01,AQUA_M-T,Pampa,47
805,2018-07-01,AQUA_M-T,Pantanal,190
806,2018-07-01,NPP-375,Amazônia,29508
807,2018-07-01,NPP-375,Caatinga,4513
808,2018-07-01,NPP-375,Cerrado,30828
809,2018-07-01,NPP-375,Mata Atlântica,10109
810,2018-07-01,NPP-375,Pampa,185
811,2018-07-01,NPP-375,Pantanal,928
812,2018-08-01,AQUA_M-T,Amazônia,10421
813,2018-08-01,AQUA_M-T,Caatinga,1516
814,2018-08-01,AQUA_M-T,Cerrado,7992
815,2018-08-01,AQUA_M-T,Mata Atlântica,2338
816,2018-08-01,AQUA_M-T,Pampa,232
817,2018-08-01,AQUA_M-T,Pantanal,275
818,2018-08-01,NPP-375,Amazônia,64492
819,2018-08-01,NPP-375,Caatinga,10890
820,2018-08-01,NPP-375,Cerrado,60618
821,2018-08-01,NPP-375,Mata Atlântica,11902
822,2018-08-01,NPP-375,Pampa,912
823,2018-08-01,NPP-375,Pantanal,1688
824,2018-09-01,AQUA_M-T,Amazônia,24803
825,2018-09-01,AQUA_M-T,Caatinga,2820
826,2018-09-01,AQUA_M-T,Cerrado,11467
827,2018-09-01,AQUA_M-T,Mata Atlântica,2309
828,2018-09-01,AQUA_M-T,Pampa,67
829,2018-09-01,AQUA_M-T,Pantanal,785
830,2018-09-01,NPP-375,Amazônia,141588
831,2018-09-01,NPP-375,Caatinga,21848
832,2018-09-01,NPP-375,Cerrado,101295
833,2018-09-01,NPP-375,Mata Atlântica,13229
834,2018-09-01,NPP-375,Pampa,500
835,2018-09-01,NPP-375,Pantanal,5250
836,2018-10-01,AQUA_M-T,Amazônia,10654
837,2018-10-01,AQUA_M-T,Caatinga,2476
838,2018-10-01,AQUA_M-T,Cerrado,5041
839,2018-10-01,AQUA_M-T,Mata Atlântica,1243
840,2018-10-01,AQUA_M-T,Pampa,34
841,2018-10-01,AQUA_M-T,Pantanal,120
842,2018-10-01,NPP-375,Amazônia,82932
843,2018-10-01,NPP-375,Caatinga,18907
844,2018-10-01,NPP-375,Cerrado,46473
845,2018-10-01,NPP-375,Mata Atlântica,8951
846,2018-10-01,NPP-375,Pampa,287
847,2018-10-01,NPP-375,Pantanal,1012
848,2018-11-01,AQUA_M-T,Amazônia,8881
849,2018-11-01,AQUA_M-T,Caatinga,1876
850,2018-11-01,AQUA_M-T,Cerrado,1763
851,2018-11-01,AQUA_M-T,Mata Atlântica,450
852,2018-11-01,AQUA_M-T,Pampa,24
853,2018-11-01,AQUA_M-T,Pantanal,20
854,2018-11-01,NPP-375,Amazônia,48466
855,2018-11-01,NPP-375,Caatinga,12844
856,2018-11-01,NPP-375,Cerrado,11307
857,2018-11-01,NPP-375,Mata Atlântica,4396
858,2018-11-01,NPP-375,Pampa,276
859,2018-11-01,NPP-375,Pantanal,165
860,2018-12-01,AQUA_M-T,Amazônia,1842
861,2018-12-01,AQUA_M-T,Caatinga,1369
862,2018-12-01,AQUA_M-T,Cerrado,1168
863,2018-12-01,AQUA_M-T,Mata Atlântica,547
864,2018-12-01,AQUA_M-T,Pampa,24
865,2018-12-01,AQUA_M-T,Pantanal,163
866,2018-12-01,NPP-375,Amazônia,13274
867,2018-12-01,NPP-375,Caatinga,7861
868,2018-12-01,NPP-375,Cerrado,8734
869,2018-12-01,NPP-375,Mata Atlântica,5596
870,2018-12-01,NPP-375,Pampa,328
871,2018-12-01,NPP-375,Pantanal,1356
872,2019-01-01,AQUA_M-T,Amazônia,1419
873,2019-01-01,AQUA_M-T,Caatinga,433
874,2019-01-01,AQUA_M-T,Cerrado,1213
875,2019-01-01,AQUA_M-T,Mata Atlântica,608
876,2019-01-01,AQUA_M-T,Pampa,20
877,2019-01-01,AQUA_M-T,Pantanal,337
878,2019-01-01,NPP-375,Amazônia,8350
879,2019-01-01,NPP-375,Caatinga,3494
880,2019-01-01,NPP-375,Cerrado,6205
881,2019-01-01,NPP-375,Mata Atlântica,5343
882,2019-01-01,NPP-375,Pampa,114
883,2019-01-01,NPP-375,Pantanal,2681
884,2019-02-01,AQUA_M-T,Amazônia,1368
885,2019-02-01,AQUA_M-T,Caatinga,73
886,2019-02-01,AQUA_M-T,Cerrado,574
887,2019-02-01,AQUA_M-T,Mata Atlântica,607
888,2019-02-01,AQUA_M-T,Pampa,32
889,2019-02-01,AQUA_M-T,Pantanal,211
890,2019-02-01,NPP-375,Amazônia,8181
891,2019-02-01,NPP-375,Caatinga,1106
892,2019-02-01,NPP-375,Cerrado,1999
893,2019-02-01,NPP-375,Mata Atlântica,5477
894,2019-02-01,NPP-375,Pampa,227
895,2019-02-01,NPP-375,Pantanal,2128
896,2019-03-01,AQUA_M-T,Amazônia,3383
897,2019-03-01,AQUA_M-T,Caatinga,58
898,2019-03-01,AQUA_M-T,Cerrado,936
899,2019-03-01,AQUA_M-T,Mata Atlântica,661
900,2019-03-01,AQUA_M-T,Pampa,82
901,2019-03-01,AQUA_M-T,Pantanal,93
902,2019-03-01,NPP-375,Amazônia,35253
903,2019-03-01,NPP-375,Caatinga,784
904,2019-03-01,NPP-375,Cerrado,1494
905,2019-03-01,NPP-375,Mata Atlântica,5275
906,2019-03-01,NPP-375,Pampa,537
907,2019-03-01,NPP-375,Pantanal,611
908,2019-04-01,AQUA_M-T,Amazônia,1702
909,2019-04-01,AQUA_M-T,Caatinga,28
910,2019-04-01,AQUA_M-T,Cerrado,753
911,2019-04-01,AQUA_M-T,Mata Atlântica,276
912,2019-04-01,AQUA_M-T,Pampa,50
913,2019-04-01,AQUA_M-T,Pantanal,33
914,2019-04-01,NPP-375,Amazônia,14091
915,2019-04-01,NPP-375,Caatinga,325
916,2019-04-01,NPP-375,Cerrado,2050
917,2019-04-01,NPP-375,Mata Atlântica,2029
918,2019-04-01,NPP-375,Pampa,306
919,2019-04-01,NPP-375,Pantanal,430
920,2019-05-01,AQUA_M-T,Amazônia,854
921,2019-05-01,AQUA_M-T,Caatinga,59
922,2019-05-01,AQUA_M-T,Cerrado,1719
923,2019-05-01,AQUA_M-T,Mata Atlântica,240
924,2019-05-01,AQUA_M-T,Pampa,23
925,2019-05-01,AQUA_M-T,Pantanal,68
926,2019-05-01,NPP-375,Amazônia,5654
927,2019-05-01,NPP-375,Caatinga,692
928,2019-05-01,NPP-375,Cerrado,8913
929,2019-05-01,NPP-375,Mata Atlântica,1794
930,2019-05-01,NPP-375,Pampa,111
931,2019-05-01,NPP-375,Pantanal,417
932,2019-06-01,AQUA_M-T,Amazônia,1880
933,2019-06-01,AQUA_M-T,Caatinga,135
934,2019-06-01,AQUA_M-T,Cerrado,4088
935,2019-06-01,AQUA_M-T,Mata Atlântica,814
936,2019-06-01,AQUA_M-T,Pampa,102
937,2019-06-01,AQUA_M-T,Pantanal,239
938,2019-06-01,NPP-375,Amazônia,13713
939,2019-06-01,NPP-375,Caatinga,1080
940,2019-06-01,NPP-375,Cerrado,23305
941,2019-06-01,NPP-375,Mata Atlântica,4101
942,2019-06-01,NPP-375,Pampa,284
943,2019-06-01,NPP-375,Pantanal,1233
944,2019-07-01,AQUA_M-T,Amazônia,5318
945,2019-07-01,AQUA_M-T,Caatinga,302
946,2019-07-01,AQUA_M-T,Cerrado,5346
947,2019-07-01,AQUA_M-T,Mata Atlântica,1712
948,2019-07-01,AQUA_M-T,Pampa,222
949,2019-07-01,AQUA_M-T,Pantanal,494
950,2019-07-01,NPP-375,Amazônia,35606
951,2019-07-01,NPP-375,Caatinga,2476
952,2019-07-01,NPP-375,Cerrado,35771
953,2019-07-01,NPP-375,Mata Atlântica,8613
954,2019-07-01,NPP-375,Pampa,996
955,2019-07-01,NPP-375,Pantanal,2563
956,2019-07-01,NPP-375,,1
957,2019-08-01,AQUA_M-T,Amazônia,30900
958,2019-08-01,AQUA_M-T,Caatinga,1304
959,2019-08-01,AQUA_M-T,Cerrado,12906
960,2019-08-01,AQUA_M-T,Mata Atlântica,4689
961,2019-08-01,AQUA_M-T,Pampa,446
962,2019-08-01,AQUA_M-T,Pantanal,1690
963,2019-08-01,NPP-375,Amazônia,209507
964,2019-08-01,NPP-375,Caatinga,11545
965,2019-08-01,NPP-375,Cerrado,101439
966,2019-08-01,NPP-375,Mata Atlântica,23229
967,2019-08-01,NPP-375,Pampa,1875
968,2019-08-01,NPP-375,Pantanal,11455
969,2019-09-01,AQUA_M-T,Amazônia,19925
970,2019-09-01,AQUA_M-T,Caatinga,2827
971,2019-09-01,AQUA_M-T,Cerrado,22989
972,2019-09-01,AQUA_M-T,Mata Atlântica,4333
973,2019-09-01,AQUA_M-T,Pampa,273
974,2019-09-01,AQUA_M-T,Pantanal,2887
975,2019-09-01,NPP-375,Amazônia,145101
976,2019-09-01,NPP-375,Caatinga,21116
977,2019-09-01,NPP-375,Cerrado,202563
978,2019-09-01,NPP-375,Mata Atlântica,22718
979,2019-09-01,NPP-375,Pampa,1233
980,2019-09-01,NPP-375,Pantanal,18208
981,2019-10-01,AQUA_M-T,Amazônia,7855
982,2019-10-01,AQUA_M-T,Caatinga,4716
983,2019-10-01,AQUA_M-T,Cerrado,8356
984,2019-10-01,AQUA_M-T,Mata Atlântica,2184
985,2019-10-01,AQUA_M-T,Pampa,72
986,2019-10-01,AQUA_M-T,Pantanal,2430
987,2019-10-01,NPP-375,Amazônia,58842
988,2019-10-01,NPP-375,Caatinga,31652
989,2019-10-01,NPP-375,Cerrado,85307
990,2019-10-01,NPP-375,Mata Atlântica,17474
991,2019-10-01,NPP-375,Pampa,506
992,2019-10-01,NPP-375,Pantanal,19153
993,2019-11-01,AQUA_M-T,Amazônia,11297
994,2019-11-01,AQUA_M-T,Caatinga,3212
995,2019-11-01,AQUA_M-T,Cerrado,3251
996,2019-11-01,AQUA_M-T,Mata Atlântica,1499
997,2019-11-01,AQUA_M-T,Pampa,30
998,2019-11-01,AQUA_M-T,Pantanal,1296
999,2019-11-01,NPP-375,Amazônia,65973
1000,2019-11-01,NPP-375,Caatinga,22062
1001,2019-11-01,NPP-375,Cerrado,28921
1002,2019-11-01,NPP-375,Mata Atlântica,12672
1003,2019-11-01,NPP-375,Pampa,185
1004,2019-11-01,NPP-375,Pantanal,10902
1005,2019-12-01,AQUA_M-T,Amazônia,3275
1006,2019-12-01,AQUA_M-T,Caatinga,1813
1007,2019-12-01,AQUA_M-T,Cerrado,1743
1008,2019-12-01,AQUA_M-T,Mata Atlântica,554
1009,2019-12-01,AQUA_M-T,Pampa,68
1010,2019-12-01,AQUA_M-T,Pantanal,247
1011,2019-12-01,NPP-375,Amazônia,21937
1012,2019-12-01,NPP-375,Caatinga,14872
1013,2019-12-01,NPP-375,Cerrado,12928
1014,2019-12-01,NPP-375,Mata Atlântica,5348
1015,2019-12-01,NPP-375,Pampa,840
1016,2019-12-01,NPP-375,Pantanal,1840
1017,2020-01-01,AQUA_M-T,Amazônia,1200
1018,2020-01-01,AQUA_M-T,Caatinga,293
1019,2020-01-01,AQUA_M-T,Cerrado,662
1020,2020-01-01,AQUA_M-T,Mata Atlântica,421
1021,2020-01-01,AQUA_M-T,Pampa,25
1022,2020-01-01,AQUA_M-T,Pantanal,265
1023,2020-01-01,NPP-375,Amazônia,5650
1024,2020-01-01,NPP-375,Caatinga,2826
1025,2020-01-01,NPP-375,Cerrado,3549
1026,2020-01-01,NPP-375,Mata Atlântica,4120
1027,2020-01-01,NPP-375,Pampa,271
1028,2020-01-01,NPP-375,Pantanal,4163
1029,2020-02-01,AQUA_M-T,Amazônia,1196
1030,2020-02-01,AQUA_M-T,Caatinga,62
1031,2020-02-01,AQUA_M-T,Cerrado,709
1032,2020-02-01,AQUA_M-T,Mata Atlântica,454
1033,2020-02-01,AQUA_M-T,Pampa,72
1034,2020-02-01,AQUA_M-T,Pantanal,164
1035,2020-02-01,NPP-375,Amazônia,5985
1036,2020-02-01,NPP-375,Caatinga,937
1037,2020-02-01,NPP-375,Cerrado,1827
1038,2020-02-01,NPP-375,Mata Atlântica,2814
1039,2020-02-01,NPP-375,Pampa,710
1040,2020-02-01,NPP-375,Pantanal,830
1041,2020-03-01,AQUA_M-T,Amazônia,1641
1042,2020-03-01,AQUA_M-T,Caatinga,22
1043,2020-03-01,AQUA_M-T,Cerrado,890
1044,2020-03-01,AQUA_M-T,Mata Atlântica,549
1045,2020-03-01,AQUA_M-T,Pampa,176
1046,2020-03-01,AQUA_M-T,Pantanal,602
1047,2020-03-01,NPP-375,Amazônia,7709
1048,2020-03-01,NPP-375,Caatinga,362
1049,2020-03-01,NPP-375,Cerrado,2734
1050,2020-03-01,NPP-375,Mata Atlântica,3903
1051,2020-03-01,NPP-375,Pampa,1414
1052,2020-03-01,NPP-375,Pantanal,6446
1053,2020-03-01,NPP-375,,1
1054,2020-04-01,AQUA_M-T,Amazônia,789
1055,2020-04-01,AQUA_M-T,Caatinga,38
1056,2020-04-01,AQUA_M-T,Cerrado,1158
1057,2020-04-01,AQUA_M-T,Mata Atlântica,1013
1058,2020-04-01,AQUA_M-T,Pampa,335
1059,2020-04-01,AQUA_M-T,Pantanal,784
1060,2020-04-01,NPP-375,Amazônia,2782
1061,2020-04-01,NPP-375,Caatinga,400
1062,2020-04-01,NPP-375,Cerrado,3480
1063,2020-04-01,NPP-375,Mata Atlântica,5471
1064,2020-04-01,NPP-375,Pampa,1487
1065,2020-04-01,NPP-375,Pantanal,6050
1066,2020-04-01,NPP-375,,2
1067,2020-05-01,AQUA_M-T,Amazônia,829
1068,2020-05-01,AQUA_M-T,Caatinga,42
1069,2020-05-01,AQUA_M-T,Cerrado,1481
1070,2020-05-01,AQUA_M-T,Mata Atlântica,1028
1071,2020-05-01,AQUA_M-T,Pampa,309
1072,2020-05-01,AQUA_M-T,Pantanal,313
1073,2020-05-01,NPP-375,Amazônia,5500
1074,2020-05-01,NPP-375,Caatinga,392
1075,2020-05-01,NPP-375,Cerrado,8031
1076,2020-05-01,NPP-375,Mata Atlântica,5072
1077,2020-05-01,NPP-375,Pampa,1159
1078,2020-05-01,NPP-375,Pantanal,2354
1079,2020-06-01,AQUA_M-T,Amazônia,2248
1080,2020-06-01,AQUA_M-T,Caatinga,83
1081,2020-06-01,AQUA_M-T,Cerrado,3487
1082,2020-06-01,AQUA_M-T,Mata Atlântica,802
1083,2020-06-01,AQUA_M-T,Pampa,83
1084,2020-06-01,AQUA_M-T,Pantanal,406
1085,2020-06-01,NPP-375,Amazônia,15890
1086,2020-06-01,NPP-375,Caatinga,701
1087,2020-06-01,NPP-375,Cerrado,19294
1088,2020-06-01,NPP-375,Mata Atlântica,4068
1089,2020-06-01,NPP-375,Pampa,334
1090,2020-06-01,NPP-375,Pantanal,2033
1091,2020-07-01,AQUA_M-T,Amazônia,6803
1092,2020-07-01,AQUA_M-T,Caatinga,265
1093,2020-07-01,AQUA_M-T,Cerrado,5663
1094,2020-07-01,AQUA_M-T,Mata Atlântica,1323
1095,2020-07-01,AQUA_M-T,Pampa,67
1096,2020-07-01,AQUA_M-T,Pantanal,1684
1097,2020-07-01,NPP-375,Amazônia,38812
1098,2020-07-01,NPP-375,Caatinga,2144
1099,2020-07-01,NPP-375,Cerrado,34534
1100,2020-07-01,NPP-375,Mata Atlântica,7126
1101,2020-07-01,NPP-375,Pampa,349
1102,2020-07-01,NPP-375,Pantanal,16202
1103,2020-07-01,NPP-375,,1
1104,2020-08-01,AQUA_M-T,Amazônia,15004
1105,2020-08-01,AQUA_M-T,Caatinga,268
1106,2020-08-01,AQUA_M-T,Cerrado,4250
1107,2020-08-01,AQUA_M-T,Mata Atlântica,2331
1108,2020-08-01,AQUA_M-T,Pampa,206
1109,2020-08-01,AQUA_M-T,Pantanal,3121
1110,2020-08-01,NPP-375,Amazônia,93735
1111,2020-08-01,NPP-375,Caatinga,2334
1112,2020-08-01,NPP-375,Cerrado,27822
1113,2020-08-01,NPP-375,Mata Atlântica,11396
1114,2020-08-01,NPP-375,Pampa,882
1115,2020-08-01,NPP-375,Pantanal,24808
